Attention Check,ID,ResponseId,RecordedDate,Location,Age,Gender,Education Level,Twitter usage,Twitter Frequence,Following Number,Follower Number,Pre-Tweet 1,pre-Tweet 2,Pre-Tweet 3,Dr-Female,Dr-Male,MD-Female,MD-Male,Non-Female,Non-Male,Dr-link,Dr-nolink,MD-link,MD-nolink,NoDr-link,NoDr-nolink,Irrelevant profile,relevant profile
This is a very simple question. Please select 'somewhat disagree' so that we know you are paying attention.,What is you Prolific ID?,Response ID,Recorded Date,Which country do you live in?,What is your age range?,What is your gender?,What is your education level?,How often do you use Twitter?,How frequently do you post on Twitter?,"How many users are you following? Please enter the digital number. If you never used Twitter, please enter '0'.","How many followers do you have? Please enter the digital number. If you never used Twitter, please enter '0'.",""" Night shifts work is related to Type 2 diabetes"". 



How much do you agree with this statement? Please indicate on the scale below.","""Exercise is a significant treatment for depression"". 



How much do you agree with this statement? Please indicate on the scale below.","""Analysing children retina's blood vessels can help with high blood pressure prevention"". 



How much do you agree with this statement? Please indicate on the scale below.","Assuming you are reading this tweet. 







"" Night shifts work is related to Type 2 diabetes"". 



How much do you agree with this statement? Please indicate on the scale below.","Assuming you are reading this tweet. 







"" Night shifts work is related to Type 2 diabetes"". 



How much do you agree with this statement? Please indicate on the scale below.","Assuming you are reading this tweet. 



 



"" Night shifts work is related to Type 2 diabetes"". 



How much do you agree with this statement? Please indicate on the scale below.","Assuming you are reading this tweet. 





"" Night shifts work is related to Type 2 diabetes"". 



How much do you agree with this statement? Please indicate on the scale below.","Assuming you are reading this tweet. 







"" Night shifts work is related to Type 2 diabetes"". 



How much do you agree with this statement? Please indicate on the scale below.","Assuming you are reading this tweet. 





"" Night shifts work is related to Type 2 diabetes"". 



How much do you agree with this statement? Please indicate on the scale below.","Assuming you are reading this tweet. 

 

 



""Exercise is a significant treatment for depression"". 



How much do you agree with this statement? Please indicate on the scale below.","Assuming you are reading this tweet. 





""Exercise is a significant treatment for depression"". 



How much do you agree with this statement? Please indicate on the scale below.","Assuming you are reading this tweet. 

  

 

""Exercise is a significant treatment for depression"". 



How much do you agree with this statement? Please indicate on the scale below.","Assuming you are reading this tweet. 



 



""Exercise is a significant treatment for depression"". 



How much do you agree with this statement? Please indicate on the scale below.","Assuming you are reading this tweet. 

 

""Exercise is a significant treatment for depression"". 



How much do you agree with this statement? Please indicate on the scale below.","Assuming you are reading this tweet. 

 

""Exercise is a significant treatment for depression"". 



How much do you agree with this statement? Please indicate on the scale below.","Assuming you are reading this tweet and the user's profile

 .                      





 ""Analysing children retina's blood vessels can help with high blood pressure prevention"".



 How much do you agree with this statement? Please indicate on the scale below.","Assuming you are reading this tweet and the user's profile



 .                      





 ""Analysing children retina's blood vessels can help with high blood pressure prevention"".



 How much do you agree with this statement? Please indicate on the scale below."
"{""ImportId"":""QID28""}","{""ImportId"":""QID38_TEXT""}","{""ImportId"":""_recordId""}","{""ImportId"":""recordedDate"",""timeZone"":""America/Denver""}","{""ImportId"":""QID6_TEXT""}","{""ImportId"":""QID3""}","{""ImportId"":""QID4""}","{""ImportId"":""QID7""}","{""ImportId"":""QID8""}","{""ImportId"":""QID9""}","{""ImportId"":""QID10_TEXT""}","{""ImportId"":""QID11_TEXT""}","{""ImportId"":""QID13""}","{""ImportId"":""QID14""}","{""ImportId"":""QID34""}","{""ImportId"":""QID16""}","{""ImportId"":""QID17""}","{""ImportId"":""QID18""}","{""ImportId"":""QID19""}","{""ImportId"":""QID20""}","{""ImportId"":""QID21""}","{""ImportId"":""QID15""}","{""ImportId"":""QID29""}","{""ImportId"":""QID23""}","{""ImportId"":""QID24""}","{""ImportId"":""QID25""}","{""ImportId"":""QID26""}","{""ImportId"":""QID33""}","{""ImportId"":""QID36""}"
"",,R_3MrPzxNRHsYZTZD,2022-12-21 03:16:52,Swiss,Below 20,Female,Master,Weekly,Monthly,270,1,somewhat agree,somewhat disagree,,,,agree,,,,,,,somewhat disagree,,,,
somewhat agree,,R_2uNUslVwZom5e4A,2023-01-10 08:01:36,Swiss,20-30,Female,Master,Weekly,Monthly,279,1,somewhat agree,neutral,,,somewhat disagree,,,,,,,agree,,,,somewhat disagree,
somewhat disagree,,R_3R9kgiS3irKu5kD,2023-01-10 09:59:22,Switzerland,20-30,Female,Master,I don't use it,Never,10,0,somewhat disagree,somewhat disagree,,,,,,,somewhat disagree,disagree,,,,,,somewhat disagree,
somewhat agree,,R_3Dc2PwXrkOjrqVU,2023-01-11 07:03:41,Switzerland,20-30,Female,Master,Daily,Monthly,217,1,disagree,strongly disagree,,,,,,somewhat disagree,,,disagree,,,,,,
somewhat agree,,R_2fuNs1uZG807zIX,2023-01-15 15:43:00,Swizerland,20-30,Female,Bachelor,Monthly,Daily,1,1,disagree,somewhat disagree,somewhat disagree,,,,,somewhat disagree,,,disagree,,,,,,somewhat agree
somewhat agree,,R_xfNQwvyVsWDF4oV,2023-01-16 07:38:36,Switzerland,20-30,Female,Master,I don't use it,Never,0,0,somewhat disagree,somewhat disagree,disagree,,,,disagree,,,,,disagree,,,,,disagree
somewhat disagree,,R_3eqcu4Uxmuq8y8r,2023-02-10 07:51:39,Swiss,20-30,Female,Master,Daily,Monthly,297,1,neutral,agree,neutral,,,somewhat agree,,,,,,,somewhat agree,,,,agree
somewhat disagree,61702fe13b13c83837bafb45,R_1IF4xfB2EwYeckS,2023-02-17 07:53:23,Poland,20-30,Female,Master,Monthly,Never,10,0,neutral,agree,neutral,,,somewhat disagree,,,,,,,,,disagree,,somewhat agree
somewhat disagree,5e62aca37820fe04614b5ffa,R_2WZFg2McZdPSXt8,2023-02-17 07:54:32,chile,20-30,Male,Bachelor,Weekly,Never,30,0,strongly disagree,agree,neutral,,,,,strongly disagree,,,,,agree,,,,agree
somewhat disagree,60fdaeed5a189c2ccb1e2668,R_2c7YsLtUFYH5QGZ,2023-02-17 07:54:55,poland,30-40,Female,Master,Yearly,Never,0,0,somewhat agree,strongly disagree,neutral,,,,,,somewhat agree,,,,,,strongly disagree,,neutral
somewhat disagree,5de94261c4afac000b9bb599,R_3EoHqkQvQUGV8s4,2023-02-17 07:55:05,Chile,20-30,Female,Bachelor,Daily,Weekly,227,28,somewhat agree,somewhat agree,neutral,,,somewhat agree,,,,,,,,somewhat agree,,somewhat agree,
somewhat disagree,613246c4e0e8fd2e66ef9ea3,R_1JFWtdR95YcSBRe,2023-02-17 07:55:14,France,20-30,Female,Bachelor,Daily,Monthly,45,60,neutral,agree,agree,,somewhat agree,,,,,,,,,,agree,,strongly agree
somewhat disagree,5e7347436a460d0008afbe91,R_11YNfE7mfRrpEAK,2023-02-17 07:55:16,israel,20-30,Female,Master,Yearly,Never,5,0,somewhat agree,somewhat disagree,neutral,somewhat agree,,,,,,,,somewhat disagree,,,,,somewhat agree
somewhat disagree,5e7737423115e0296b5e582c,R_3fwzr9WUVPDIpWK,2023-02-17 07:55:34,United Kingdom,30-40,Female,Master,Daily,Monthly,266,117,somewhat disagree,somewhat agree,somewhat agree,,,,somewhat disagree,,,,somewhat agree,,,,,,agree
somewhat disagree,5e62aca37820fe04614b5ffa,R_3KVd7oh3uUVcV6U,2023-02-17 07:55:47,chile,20-30,Male,Bachelor,Weekly,Never,30,0,strongly disagree,agree,neutral,,,,strongly disagree,,,,,agree,,,,,agree
somewhat disagree,6032479a6c0b93202f7bc59b,R_3OdXEoPJxwcRQUJ,2023-02-17 07:56:01,poland,20-30,Other,High School and lower,Daily,Weekly,313,85,disagree,somewhat agree,neutral,,,,,,somewhat disagree,,,,,,somewhat agree,somewhat agree,
somewhat disagree,54d502c2fdf99b091c77bb5d,R_2e4506NoMCD38ZN,2023-02-17 07:56:12,United Kingdom,30-40,Female,Master,Monthly,Monthly,124,24,neutral,strongly agree,somewhat agree,,,,somewhat agree,,,,strongly agree,,,,,,strongly agree
somewhat disagree,615c453806ba1a372800c832,R_2YfvCQSyycIPfOT,2023-02-17 07:56:28,south africa,30-40,Female,Bachelor,Daily,Daily,400,200,agree,agree,neutral,,,,,,agree,,,,,agree,,,agree
somewhat disagree,615373f88839471e0ab77399,R_9AlFXWtMJNWru8N,2023-02-17 07:56:47,Hungary,Below 20,Male,High School and lower,Monthly,Never,48,2,disagree,agree,somewhat agree,,disagree,,,,,,,strongly agree,,,,agree,
somewhat disagree,615e8a7e07b99eeffaf9f579,R_2OT5eafZkU1vRBj,2023-02-17 07:56:48,South Africa,20-30,Female,Bachelor,Daily,Daily,2357,3151,agree,somewhat agree,neutral,,,,,,agree,,,,,,somewhat agree,,somewhat agree
somewhat disagree,5d5dcc2e8acdd1001a9f4b18,R_3FIhKAVQAyJ42ND,2023-02-17 07:56:51,Uk,30-40,Female,Bachelor,Weekly,Monthly,18,2,somewhat agree,agree,neutral,agree,,,,,,agree,,,,,,,agree
somewhat disagree,61019700e91edea68fa6e341,R_WqwWWTwBFN1ANhf,2023-02-17 07:57:18,"South Africa ",20-30,Female,Bachelor,Weekly,Yearly,44,12,disagree,somewhat agree,neutral,,,,somewhat agree,,,,,,agree,,,agree,
somewhat disagree,60fd15af8e3a5fdfb80a8952,R_ROZtIrkzgvhC53P,2023-02-17 07:57:30,spain,20-30,Female,Bachelor,Daily,Yearly,147,18,somewhat agree,agree,neutral,,,,,somewhat agree,,,somewhat agree,,,,,,agree
somewhat disagree,6362d85f2181a43cac48b05e,R_SV0XHQmHBTDPKtb,2023-02-22 08:42:34,United Kingdom,30-40,Male,High School and lower,Yearly,Never,100,35,strongly disagree,strongly agree,somewhat agree,,,somewhat disagree,,,,,strongly agree,,,,,agree,
somewhat disagree,5ddbea45332b34b21e214d51,R_3CIvZaUwiugtnYs,2023-03-03 08:52:26,Spain,20-30,Female,Bachelor,Daily,Weekly,252,84,neutral,somewhat agree,somewhat agree,,somewhat agree,,,,,,,,somewhat agree,,,,agree
somewhat disagree,6064b45627fb67aea7c5c2c4,R_30w8uQjsApKjNVu,2023-03-03 08:52:42,Chile,30-40,Male,Master,I don't use it,Never,0,0,somewhat disagree,somewhat agree,somewhat agree,,,agree,,,,strongly agree,,,,,,agree,
somewhat disagree,5e89fb7c1ffebe0116d1ea29,R_23WxnnPY9Vt9KuZ,2023-03-03 08:53:06,poland,20-30,Male,High School and lower,Daily,Yearly,229,11,disagree,somewhat agree,neutral,,,,neutral,,,somewhat agree,,,,,,somewhat agree,
somewhat disagree,5eefb220a59b070a7eeb718e,R_1Ka3J199pmgarxO,2023-03-03 08:53:10,Poland,30-40,Male,Bachelor,Weekly,Monthly,3,0,disagree,somewhat disagree,somewhat agree,,,,,,neutral,somewhat agree,,,,,,somewhat agree,
somewhat disagree,5af190c07c1e9d000141fae2,R_1RAH2teeyusMC7T,2023-03-03 08:53:11,The Netherlands,20-30,Male,Bachelor,Weekly,Never,20,2,somewhat agree,somewhat agree,neutral,agree,,,,,,,somewhat agree,,,,,,agree
somewhat disagree,606c7d27f4f3ae688332a55d,R_1LbAugXjgUQLgz8,2023-03-03 08:53:16,Portugal,20-30,Male,Master,Monthly,Never,67,36,strongly disagree,agree,somewhat agree,,,,disagree,,,,,,strongly agree,,,,strongly agree
somewhat disagree,62fe9f7dca5560dab7d668f3,R_Zy4taYk7YsWag3T,2023-03-03 08:53:16,England,20-30,Female,High School and lower,Daily,Never,200,300,neutral,agree,neutral,,,somewhat agree,,,,,,,agree,,,,neutral
somewhat disagree,5f480d8886d7cb2994b629d0,R_3megD80dXORhvlj,2023-03-03 08:53:25,Spain,20-30,Male,Bachelor,Daily,Weekly,200,90000,somewhat agree,agree,somewhat agree,,,,,,agree,,,,strongly agree,,,agree,
somewhat disagree,60d747a07815eaee68ed4124,R_reEujIUNcmZ2BTr,2023-03-03 08:53:36,Poland,20-30,Male,High School and lower,Daily,Monthly,300,20,neutral,somewhat agree,somewhat agree,,,,neutral,,,,,,,,somewhat agree,,agree
somewhat disagree,5f24289ed102ed000b9f98b0,R_1jP4p9FFroFbun4,2023-03-03 08:53:52,Italy,20-30,Male,Master,Monthly,Monthly,10,2,strongly disagree,neutral,agree,,,,,,neutral,,,somewhat agree,,,,,somewhat agree
somewhat disagree,60df281871ba4fe3f4c515c3,R_1r1H9Lb1KkmMG7L,2023-03-03 08:53:57,Poland,20-30,Male,Bachelor,Weekly,Never,20,0,disagree,agree,neutral,,,,,disagree,,,strongly agree,,,,,agree,
somewhat disagree,61347b1fcf74ba622922fb48,R_O0BFZ277zsoamOt,2023-03-03 08:53:59,"South Africa ",20-30,Male,Bachelor,Weekly,Monthly,400,100,disagree,agree,neutral,,,,,,somewhat disagree,,strongly agree,,,,,somewhat agree,
somewhat disagree,607b087e7fd80dabd1ce4e63,R_AoIItUQlzHfEIlH,2023-03-03 08:54:01,Slovenia,20-30,Female,Bachelor,Daily,Monthly,120,89,somewhat agree,somewhat disagree,somewhat agree,,,,,,agree,,,somewhat agree,,,,agree,
somewhat agree,5fb0208b2f4d083831ee425e,R_10oC5CXh2wsVgxT,2023-03-03 08:54:09,Portugal,20-30,Other,High School and lower,Daily,Weekly,3916,1659,neutral,somewhat agree,somewhat agree,,,,somewhat disagree,,,,somewhat agree,,,,,,neutral
somewhat disagree,5e736cc357b79f012315e85d,R_cZMvYcGtKaSGmXf,2023-03-03 08:54:13,netherlands,30-40,Female,Master,Yearly,Never,15,6,somewhat agree,somewhat agree,neutral,,,,somewhat agree,,,,somewhat agree,,,,,somewhat agree,
somewhat disagree,606b9477964164515c227d21,R_27OLrUG0jSljlfi,2023-03-03 08:54:19,Chile,20-30,Male,Bachelor,Weekly,Never,37,2,neutral,somewhat agree,neutral,,,neutral,,,,,,agree,,,,strongly agree,
somewhat disagree,5e82433a2476d3099c38c4d0,R_vVvBbe9MyDjU8q5,2023-03-03 08:54:23,Italy,20-30,Female,Master,I don't use it,Never,0,0,somewhat agree,somewhat agree,neutral,,,,,somewhat agree,,,,somewhat agree,,,,neutral,
somewhat disagree,5cb450df19eba3001270131f,R_3QShiCPB5l2cyIH,2023-03-03 08:54:25,Poland,20-30,Female,Bachelor,Daily,Weekly,92,1,agree,somewhat disagree,neutral,,agree,,,,,neutral,,,,,,,somewhat agree
somewhat disagree,60c01094688843d724b93ae6,R_3lELO37bQZIYyTK,2023-03-03 08:54:39,Mexico,30-40,Male,Bachelor,Daily,Weekly,346,100,disagree,somewhat agree,somewhat agree,,,somewhat agree,,,,,,,,somewhat agree,,,somewhat agree
somewhat disagree,5e94b58fc7296a0a611f0492,R_2rB2kYHTShWueaE,2023-03-03 08:54:48,Poland,20-30,Male,Bachelor,Yearly,Never,5,0,somewhat agree,neutral,somewhat agree,,,,,,somewhat disagree,,,,somewhat disagree,,,,strongly agree
somewhat disagree,5c5d9b5dfd49d30001da3b1f,R_31RR8hkx6BsWy8p,2023-03-03 08:54:52,Mexico,30-40,Male,Bachelor,Daily,Weekly,233,66,agree,agree,neutral,,,,agree,,,,,,somewhat agree,,,somewhat agree,
somewhat disagree,604fe50fd12510a7153b5cd0,R_1HcNnY8DXq1aIws,2023-03-03 08:55:01,Greece,20-30,Male,Master,Weekly,Never,150,5,neutral,agree,neutral,,neutral,,,,,,,somewhat agree,,,,,somewhat agree
somewhat disagree,609a54b96c38edbbf5e48251,R_xDD1gyo5nCb1sg9,2023-03-03 08:55:03,Portugal,20-30,Female,High School and lower,Daily,Daily,542,505,somewhat agree,somewhat agree,agree,,,somewhat disagree,,,,,,,neutral,,,,strongly agree
somewhat disagree,5fbbecc81dd9320255278632,R_2E0phKItB0SE7Is,2023-03-03 08:55:05,Hungary,20-30,Male,Bachelor,I don't use it,Never,0,0,agree,agree,neutral,strongly agree,,,,,,,,,strongly agree,,,agree,
somewhat disagree,5fb5855cb74f4b0c65f0bef3,R_1f8Apa7LpAXAGpW,2023-03-03 08:55:05,Portugal,20-30,Female,Bachelor,Daily,Monthly,200,80,neutral,agree,neutral,,,neutral,,,,,,,agree,,,,neutral
somewhat disagree,60d1f817a8c232158bd373b3,R_10HteInKHwlgjck,2023-03-03 08:55:08,Portugal,20-30,Female,Bachelor,Daily,Weekly,377,782,disagree,somewhat agree,somewhat agree,,,somewhat agree,,,,,,somewhat agree,,,,somewhat agree,
somewhat disagree,5fd10e8c048fb6045d68db76,R_b8B70F9YFhMjWtb,2023-03-03 08:55:10,Portugal,20-30,Male,Bachelor,I don't use it,Never,0,0,strongly disagree,strongly agree,somewhat agree,,,,somewhat disagree,,,strongly agree,,,,,,,agree
somewhat disagree,60fca5af374ff4b335041fc3,R_3Pp3OyMxwQ1XYFt,2023-03-03 08:55:23,Portugal,20-30,Female,Bachelor,Daily,Monthly,75,37,neutral,somewhat agree,neutral,,somewhat agree,,,,,,,somewhat agree,,,,somewhat agree,
somewhat disagree,5e29e902c2253a0587298e26,R_1OCDf20KnuWy84o,2023-03-03 08:55:27,Poland,20-30,Male,Master,Weekly,Never,157,1,somewhat agree,strongly agree,neutral,,,,somewhat agree,,,,,,,,strongly agree,somewhat agree,
somewhat disagree,613a886056265d62028d15d2,R_21bOx77Sfs39l95,2023-03-03 08:55:33,Mexico,20-30,Male,Bachelor,Daily,Monthly,82,61,neutral,somewhat agree,somewhat agree,,,,neutral,,,agree,,,,,,somewhat agree,
somewhat disagree,5e9205669b5ff052ff624e9d,R_10qQAB4DY6rBuPp,2023-03-03 08:55:37,portugal,20-30,Male,High School and lower,Daily,Daily,418,745,strongly disagree,agree,neutral,,,,,,disagree,,strongly agree,,,,,agree,
somewhat disagree,57e4355291b7fc0001494db8,R_1kUpX8tfkH0V8t8,2023-03-03 08:55:38,Portugal,30-40,Male,Bachelor,I don't use it,Never,0,0,strongly disagree,agree,agree,,,,,,strongly disagree,,,,,,agree,strongly agree,
somewhat disagree,5ccbf31adde97100138a0eb4,R_9nvpsdZrCUopiPD,2023-03-03 08:55:39,Italy,40-50,Male,High School and lower,Daily,Monthly,40,5,strongly disagree,agree,agree,,,,,,somewhat disagree,,,,,agree,,agree,
somewhat disagree,5e8b16747a40f57c0f5812e4,R_24I4r18CRMStvgM,2023-03-03 08:55:46,Poland,20-30,Male,High School and lower,Daily,Monthly,320,40,neutral,somewhat agree,neutral,,,,,neutral,,somewhat agree,,,,,,,agree
somewhat disagree,60b04e683d6b452132801b3c,R_2Ua6RN4kRFkzosK,2023-03-03 08:55:58,South Africa,20-30,Female,High School and lower,Daily,Weekly,819,1703,somewhat disagree,agree,strongly agree,,,,,somewhat disagree,,,,,,strongly disagree,,,strongly agree
somewhat disagree,615470cc0bc516b2e431af54,R_2OVhPM05L0NAXUA,2023-03-03 08:56:00,Poland,20-30,Female,Bachelor,Monthly,Never,46,2,somewhat disagree,disagree,neutral,,,,,,disagree,,,,somewhat agree,,,,agree
somewhat disagree,5fa9e07022411c280fcfd946,R_WcWkXP8gaiRfoxb,2023-03-03 08:56:03,"Portugal ",20-30,Female,Bachelor,Daily,Never,99,15,agree,strongly agree,disagree,,,somewhat agree,,,,,,,agree,,,,disagree
somewhat disagree,5f82e997eec0860404c8f790,R_bOA7DrYm3AXXbKp,2023-03-03 08:56:05,Portugal,20-30,Female,Master,Weekly,Never,30,0,strongly disagree,somewhat disagree,disagree,,,somewhat disagree,,,,,,,,,disagree,,agree
somewhat disagree,613b68e36ab8e4f737db4977,R_QgOnQyXiRnNnaj7,2023-03-03 08:56:06,Mexico,20-30,Female,Bachelor,Daily,Daily,248,497,disagree,disagree,agree,,disagree,,,,,,,,,disagree,,,strongly agree
somewhat disagree,5aabc1b875d3c50001260cb0,R_4UE0aJjupmNl9yV,2023-03-03 08:56:09,España,20-30,Male,PhD and higher,Daily,Weekly,437,75,neutral,strongly agree,somewhat agree,,somewhat disagree,,,,,,,,,agree,,,agree
somewhat disagree,5e76904f77df250833f17eac,R_zeYtAl5Xwwo1yFj,2023-03-03 08:56:10,italy,20-30,Male,Bachelor,I don't use it,Never,0,0,neutral,agree,neutral,,,,neutral,,,,,,,agree,,,somewhat agree
somewhat disagree,5e95d54c53784a0297c22d72,R_2Pv3h6NRWWyAsRR,2023-03-03 08:56:21,Hungary,20-30,Female,Bachelor,Daily,Never,113,8,somewhat agree,somewhat agree,agree,,somewhat agree,,,,,,,somewhat agree,,,,agree,
somewhat disagree,5fa670e88954ee2855ab555c,R_1mFvsFGKU5lw2E5,2023-03-03 08:56:23,Spain,20-30,Female,Master,Daily,Daily,215,284,neutral,agree,somewhat agree,,,,,somewhat agree,,,,,,strongly disagree,,,agree
somewhat disagree,5f8568d460bd670009af15a2,R_ZmD6P5oCKlT38pr,2023-03-03 08:56:26,Portugal,30-40,Male,Master,I don't use it,Never,430,25,neutral,agree,strongly agree,,,,,,neutral,,somewhat agree,,,,,agree,
somewhat disagree,5e984c6428d7fb04c21a3bf5,R_3MR0kCggEPa7Vrw,2023-03-03 08:56:26,Poland,20-30,Male,Bachelor,Weekly,Never,2,1,somewhat disagree,neutral,somewhat agree,,,somewhat agree,,,,,somewhat agree,,,,,,agree
somewhat disagree,5edda704856ca9ad1f94b16b,R_3OokLeehdnztgDv,2023-03-03 08:56:31,South Africa,20-30,Female,High School and lower,Daily,Never,250,240,neutral,agree,neutral,neutral,,,,,,,,,,agree,,somewhat agree,
somewhat disagree,616ffbfe7b44b1236b1fc24e,R_24eKaXDEgSYhql3,2023-03-03 08:56:35,Finland,20-30,Male,Bachelor,Daily,Yearly,58,13,neutral,agree,neutral,,somewhat agree,,,,,,,,,,strongly agree,neutral,
somewhat disagree,5ec0cd1d56b9d94e97a3171d,R_3MzYIiko3uWkWFb,2023-03-03 08:56:35,Mexico,20-30,Other,Bachelor,Daily,Weekly,100,120,neutral,somewhat agree,neutral,,neutral,,,,,,,,,somewhat agree,,,neutral
somewhat disagree,5f372b55a5adc71b097b8a5a,R_CfVfttTupNKSisx,2023-03-03 08:56:37,Belgium,40-50,Male,High School and lower,I don't use it,Never,0,0,somewhat agree,somewhat agree,agree,neutral,,,,,,,,,,,somewhat agree,,agree
somewhat disagree,5df924a11e2e586a0fa62643,R_1onBs3zprALCigV,2023-03-03 08:56:39,Poland,20-30,Male,High School and lower,Daily,Yearly,87,1,neutral,somewhat agree,agree,,,,neutral,,,,,,,,somewhat agree,strongly agree,
somewhat disagree,5e9088a8a4b6ed018b45ba7b,R_1jD2KZEJH3nP3xT,2023-03-03 08:56:39,Denmark,20-30,Female,Bachelor,Daily,Monthly,40,130,somewhat agree,somewhat agree,neutral,somewhat agree,,,,,,,,agree,,,,somewhat agree,
somewhat disagree,5c4a45dda8c31a000141a752,R_2D09poXZ8JcqYuL,2023-03-03 08:56:45,Portugal,20-30,Female,Bachelor,Daily,Never,31,7,disagree,somewhat agree,neutral,,,,somewhat disagree,,,somewhat agree,,,,,,somewhat agree,
somewhat disagree,611ea365a7d5dba84eb18faa,R_1IFWprQm0YfBkTM,2023-03-03 08:56:48,Canada,Below 20,Female,High School and lower,Daily,Daily,744,279,strongly disagree,neutral,neutral,disagree,,,,,,,,,,,neutral,agree,
somewhat disagree,5f6734b21949ab2fdc3bdd5a,R_3HYRg4Sto2HH8RO,2023-03-03 08:56:49,Poland,Below 20,Male,High School and lower,Weekly,Never,83,3,somewhat agree,agree,agree,,,,,somewhat agree,,agree,,,,,,neutral,
somewhat disagree,60fd6f9d80e894bde8a82392,R_3jeyLxJcUEeBKVD,2023-03-03 08:56:53,Canada,20-30,Female,High School and lower,Weekly,Monthly,790,214,disagree,somewhat disagree,neutral,,neutral,,,,,,,,somewhat disagree,,,somewhat disagree,
somewhat disagree,610af163338ebe0cb91d1cee,R_1Led48DiiyadjE9,2023-03-03 08:56:56,Spain,20-30,Female,Bachelor,Daily,Monthly,68,85,somewhat disagree,agree,neutral,,,,neutral,,,,,strongly agree,,,,,somewhat agree
somewhat disagree,5c65838adbd7460001466166,R_3kBW2Srp0QUBIci,2023-03-03 08:57:00,Hungary,30-40,Female,Master,I don't use it,Never,0,0,somewhat disagree,somewhat agree,neutral,,somewhat disagree,,,,,,strongly agree,,,,,,somewhat agree
somewhat disagree,5e56dfacef82c60946b0e7c6,R_27Ej6wSusay391G,2023-03-03 08:57:00,Portugal,20-30,Male,Master,I don't use it,Never,0,0,neutral,agree,somewhat agree,,,,somewhat agree,,,,,,,,agree,,agree
somewhat disagree,5e015e48946e97d428a04739,R_3gZXS7PhyaKDboy,2023-03-03 08:57:01,Portugal,20-30,Male,Master,Monthly,Never,0,0,neutral,agree,neutral,,,neutral,,,,,,,agree,,,,agree
somewhat disagree,61004846ed8fef02ad1498f4,R_1LNiqgwSWJ3lhkY,2023-03-03 08:57:03,Hungary,Below 20,Male,High School and lower,I don't use it,Never,0,0,disagree,agree,neutral,disagree,,,,,,,,,,agree,,,neutral
somewhat disagree,60302aac805527e4b8a1a7e9,R_3JsaFCRQS2jMftG,2023-03-03 08:57:06,Portugal,20-30,Female,Bachelor,Daily,Weekly,237,110,neutral,somewhat agree,neutral,,neutral,,,,,somewhat agree,,,,,,neutral,
somewhat disagree,56b0eec66399f90011d9cf67,R_3NQwtMgaKadhnet,2023-03-03 08:57:08,Czech republic,20-30,Female,Master,Daily,Daily,71,2,somewhat disagree,somewhat disagree,neutral,,,somewhat disagree,,,,,,,somewhat disagree,,,,neutral
somewhat disagree,5c5d821f82757f0001347ea4,R_1UoTepiZ2qhErHr,2023-03-03 08:57:09,Netherlands,Over 60,Female,High School and lower,Weekly,Never,20,10,strongly disagree,strongly agree,neutral,,,disagree,,,,agree,,,,,,,somewhat disagree
strongly disagree,5eb035358c62bb09069a842f,R_ptILrv6KLzNsh2N,2023-03-03 08:57:09,Chile,30-40,Male,Bachelor,Daily,Monthly,400,32,neutral,strongly agree,somewhat disagree,,neutral,,,,,,strongly agree,,,,,somewhat agree,
somewhat disagree,5d1cb71122a8840001feb3d9,R_32PiOlpNPc7V5FQ,2023-03-03 08:57:11,Poland,20-30,Female,Master,I don't use it,Never,0,0,strongly disagree,strongly disagree,disagree,,strongly disagree,,,,,,,,,,disagree,,somewhat disagree
somewhat disagree,5f08f3e3ff3278174e40069b,R_YYQTz7LynpqJwhb,2023-03-03 08:57:11,Mexico,20-30,Male,Bachelor,Daily,Daily,435,931,strongly agree,strongly agree,somewhat agree,,,,strongly agree,,,strongly agree,,,,,,agree,
somewhat disagree,60fecc206bbf755f387a9e3f,R_1GDNETYQyuDIQ2n,2023-03-03 08:57:12,Portugal,20-30,Female,Bachelor,Daily,Weekly,162,60,disagree,somewhat disagree,neutral,,,,neutral,,,,,,somewhat disagree,,,,somewhat agree
somewhat disagree,5eeb4be60e1a002243b3c096,R_3qdqwrTu3dnCMcH,2023-03-03 08:57:12,Poland,20-30,Male,High School and lower,Weekly,Yearly,15,2,strongly disagree,somewhat agree,somewhat agree,,disagree,,,,,,,agree,,,,,agree
somewhat disagree,60bcdaf1a9b6adfbf9b197c8,R_3dFCJQkWNQWnwvT,2023-03-03 08:57:13,Portugal,20-30,Female,Bachelor,Daily,Monthly,302,221,somewhat disagree,somewhat agree,agree,,,somewhat agree,,,,,,,,,agree,,strongly agree
somewhat disagree,6119524b5877c4cb0bffad42,R_1mXfmR6quLcFhiV,2023-03-03 08:57:15,Greece,30-40,Male,Bachelor,I don't use it,Never,0,0,neutral,agree,neutral,agree,,,,,,,strongly agree,,,,,,agree
somewhat disagree,60fecc838b1c231b1732cbb0,R_x48u92tM7VIFMnn,2023-03-03 08:57:18,Italy,20-30,Female,Bachelor,Weekly,Yearly,625,105,neutral,somewhat agree,neutral,,,,neutral,,,,somewhat agree,,,,,,somewhat agree
somewhat disagree,5f983bd4def6160c1aca8e4f,R_06vlJPctqCN9qRX,2023-03-03 08:57:18,Portugal,20-30,Female,Bachelor,Daily,Never,70,40,strongly disagree,somewhat disagree,neutral,,,disagree,,,,disagree,,,,,,,neutral
somewhat disagree,613f6b1630971f18562691f9,R_2uDje0mrrRFvMbK,2023-03-03 08:57:22,Mexico,20-30,Female,Master,Daily,Weekly,870,431,somewhat agree,strongly agree,strongly agree,agree,,,,,,,strongly agree,,,,,,strongly agree
somewhat disagree,606b510f116c085254237946,R_1qevmWxOUAorkAb,2023-03-03 08:57:25,Hungary,20-30,Male,Bachelor,I don't use it,Never,0,0,disagree,strongly agree,neutral,,,,,disagree,,,,,,,strongly agree,,agree
somewhat disagree,5f69fe3c1acc2b021e1de5cb,R_1OUYog2roApVFm8,2023-03-03 08:57:27,UK,30-40,Female,High School and lower,Monthly,Yearly,500,450,agree,strongly agree,somewhat agree,,,agree,,,,,strongly agree,,,,,somewhat agree,
somewhat disagree,614d2250108917feb4ab9172,R_2OIIGc4O5vlT9Dp,2023-03-03 08:57:28,Portugal,20-30,Female,Bachelor,Daily,Weekly,173,412,neutral,somewhat agree,neutral,,,,somewhat agree,,,,,,somewhat agree,,,somewhat agree,
somewhat disagree,60b63cc430b27a19351d92c3,R_1IRgyUfoQBTkjtJ,2023-03-03 08:57:31,Portugal,20-30,Female,Master,I don't use it,Never,0,0,strongly disagree,agree,neutral,,disagree,,,,,agree,,,,,,,strongly agree
somewhat disagree,5c9ce9054a839d0001e78133,R_UlJCmbytuQvdaCt,2023-03-03 08:57:32,Estonia,30-40,Female,High School and lower,Weekly,Never,35,15,somewhat agree,agree,neutral,,,,,,somewhat agree,,,,,,agree,somewhat agree,
somewhat disagree,5f3a84149afb5d69102176af,R_2fcvllkVOAeQyqj,2023-03-03 08:57:35,Poland,40-50,Male,High School and lower,Weekly,Never,28,4,neutral,strongly disagree,somewhat agree,,,,disagree,,,,,neutral,,,,,agree
somewhat disagree,63469522db5a8245c4175019,R_1OqUiPBEblPD61M,2023-03-03 08:57:35,Netherlands,20-30,Female,High School and lower,Weekly,Never,309,229,strongly disagree,somewhat agree,neutral,,,,disagree,,,,strongly agree,,,,,,neutral
somewhat disagree,6116422e3fd768e0eb82fa98,R_DLRTX834NVhBKYV,2023-03-03 08:57:36,Portugal,20-30,Female,Bachelor,Daily,Weekly,1584,1828,strongly disagree,agree,neutral,,strongly disagree,,,,,,,,,,agree,,somewhat agree
somewhat disagree,5ffcc820426b8c19e80f397a,R_3hrxljrgRYOVrlK,2023-03-03 08:57:37,Portugal,Below 20,Male,High School and lower,Monthly,Never,143,49,somewhat disagree,strongly agree,somewhat agree,,,,,somewhat disagree,,,,,,,strongly agree,strongly agree,
strongly disagree,63dbd666f342195367971ecc,R_1QtoplEqgEpibyS,2023-03-03 08:57:38,england,20-30,Male,High School and lower,Weekly,Never,500,1000,strongly disagree,agree,somewhat agree,,disagree,,,,,,strongly agree,,,,,,strongly agree
somewhat disagree,633bf20f5a559097b0ff0bb3,R_3G8mfQSjFy68KL6,2023-03-03 08:57:41,Netherlands,30-40,Female,Bachelor,Monthly,Yearly,24,180,agree,somewhat agree,neutral,agree,,,,,,,,,,,somewhat agree,,agree
somewhat disagree,5f73744c5f51ad0a1a0f176e,R_1mVFsuoEosxdsfX,2023-03-03 08:57:47,Slovenia,20-30,Female,High School and lower,I don't use it,Never,0,0,somewhat agree,somewhat agree,somewhat agree,,,,agree,,,,strongly agree,,,,,neutral,
somewhat disagree,615c92a79eaac944c5f156b6,R_d6a4Qhf0PN5EHFT,2023-03-03 08:57:49,Portugal,20-30,Male,Master,Daily,Weekly,64,47,disagree,agree,strongly agree,,,,,,disagree,,,,agree,,,strongly agree,
somewhat disagree,6159e72ba0126794941c3dcb,R_2xLQHE8OrcM1VZw,2023-03-03 08:57:51,South Africa,30-40,Female,Bachelor,Weekly,Yearly,250,180,somewhat disagree,strongly agree,strongly agree,somewhat disagree,,,,,,,strongly agree,,,,,strongly agree,
somewhat disagree,6048a84ab04517514f665206,R_3IRl2CiaUSm8fSE,2023-03-03 08:57:57,Greece,20-30,Female,Bachelor,I don't use it,Never,0,0,neutral,strongly agree,agree,somewhat agree,,,,,,,strongly agree,,,,,strongly agree,
somewhat disagree,612764612992553c645e2166,R_1QmTLrAoxD9y2JH,2023-03-03 08:57:59,Portugal,20-30,Male,High School and lower,Daily,Monthly,279,129,agree,agree,disagree,,,,agree,,,,,,,,agree,somewhat agree,
somewhat disagree,6021d74808e9e926a4ff44c6,R_22rErOj4qmvxmVj,2023-03-03 08:58:05,Poland,20-30,Male,High School and lower,Daily,Never,84,0,somewhat disagree,neutral,neutral,,somewhat disagree,,,,,neutral,,,,,,neutral,
somewhat disagree,611243e1a08d9e3f1528021a,R_3QQPZim4ZS5ak7s,2023-03-03 08:58:06,spain,20-30,Male,Bachelor,Daily,Yearly,110,39,disagree,agree,somewhat agree,,,,,,somewhat disagree,,,,strongly agree,,,,agree
somewhat disagree,60d0851fab1988d341287228,R_12ziblguSPFNYHB,2023-03-03 08:58:08,Poland,20-30,Male,High School and lower,Monthly,Never,3,1,somewhat agree,neutral,agree,,,,,,somewhat agree,,neutral,,,,,,agree
somewhat disagree,613b65a718b675db12ff164f,R_3EJWPww2XYBUaXi,2023-03-03 08:58:09,Mexico,30-40,Female,Bachelor,Daily,Monthly,550,180,strongly disagree,agree,neutral,,,,somewhat disagree,,,,,,,somewhat agree,,strongly agree,
somewhat disagree,616f170e20100af8bd6b9a7e,R_Wr1MqgkxqWzhUWJ,2023-03-03 08:58:15,México,20-30,Male,Bachelor,Weekly,Monthly,100,70,disagree,somewhat agree,somewhat disagree,,agree,,,,,,,,strongly agree,,,,agree
somewhat disagree,5ee78cdd0103130133fdb204,R_2pWeHaHTU3drANF,2023-03-03 08:58:16,Italy,20-30,Male,Bachelor,Daily,Monthly,800+,250,somewhat disagree,agree,neutral,,,,,,somewhat disagree,agree,,,,,,agree,
somewhat disagree,5c7414d24f23e50015134e7c,R_AjppiSoRLa7POg1,2023-03-03 08:58:19,Poland,20-30,Male,High School and lower,I don't use it,Never,0,0,neutral,somewhat agree,somewhat agree,,somewhat agree,,,,,somewhat agree,,,,,,,agree
somewhat disagree,60f09e1d4e8936bc498c7947,R_1NwY0x6SZ0vxbpQ,2023-03-03 08:58:21,South Africa,20-30,Female,Bachelor,I don't use it,Never,0,0,neutral,somewhat agree,neutral,neutral,,,,,,agree,,,,,,somewhat agree,
somewhat disagree,5f85c59731310e07ad103c7c,R_2zISGbC8Xo9aHxd,2023-03-03 08:58:22,Portugal,30-40,Male,Master,Monthly,Yearly,30,5,neutral,strongly agree,agree,,,somewhat agree,,,,,,,strongly agree,,,agree,
somewhat disagree,5909f8b6bc185d00011aa307,R_z8WB5dzhmumFhol,2023-03-03 08:58:23,Hungary,30-40,Female,Master,Weekly,Never,16,6,somewhat agree,somewhat disagree,neutral,,,,somewhat agree,,,,,,,,somewhat disagree,somewhat agree,
somewhat disagree,6167b51db1436dd07716a299,R_2OOPM18NL09eM4I,2023-03-03 08:58:24,Belgium,50-60,Male,Bachelor,Daily,Daily,605,96,disagree,strongly agree,neutral,neutral,,,,,,,,,,,neutral,,agree
somewhat disagree,5f622aea193f690eebfe422a,R_2QXuq9VjzGnKjzr,2023-03-03 08:58:24,Spain,50-60,Female,Master,Daily,Daily,1124,726,somewhat disagree,agree,neutral,,somewhat agree,,,,,,,,,,agree,agree,
somewhat disagree,5eef7da8a4868b05c902ef2d,R_12nIzVsZGPVVxyj,2023-03-03 08:58:30,"Portugal ",20-30,Male,High School and lower,Monthly,Monthly,10,10,strongly disagree,strongly agree,neutral,,strongly disagree,,,,,,strongly agree,,,,,neutral,
somewhat disagree,5ffab69a57132749844b8020,R_25NJJxA0NKIc2dJ,2023-03-03 08:58:30,Mexico,20-30,Female,Bachelor,Daily,Never,472,353,strongly disagree,somewhat agree,neutral,,disagree,,,,,,,agree,,,,,somewhat agree
somewhat disagree,5d05174314af760019e2e32a,R_2THSVU7m2COE2DG,2023-03-03 08:58:35,greece,20-30,Female,High School and lower,I don't use it,Never,0,0,somewhat disagree,agree,somewhat agree,,,,,somewhat disagree,,,strongly agree,,,,,,agree
somewhat disagree,5d9b4ab5d7b8d802b306930f,R_1oySnSa7tj3JeR5,2023-03-03 08:58:37,Portugal,40-50,Male,High School and lower,Monthly,Monthly,6,3,disagree,agree,neutral,,,disagree,,,,strongly agree,,,,,,,neutral
somewhat disagree,60e1eb72b81681d6c856bd7b,R_2tKkp9aF6eayeDA,2023-03-03 08:58:37,Slovenia,20-30,Male,Bachelor,Weekly,Never,126,1,strongly disagree,agree,somewhat disagree,,,,,strongly disagree,,,,,,,agree,somewhat agree,
somewhat disagree,60ef42443bf50c7838c8bd73,R_OfMjxjN23NsXpDz,2023-03-03 08:58:41,Latvia,20-30,Female,Bachelor,Yearly,Never,3,0,somewhat agree,strongly agree,disagree,,,,agree,,,,strongly agree,,,,,,somewhat disagree
somewhat disagree,608b2db37b792f7ef8ef4a02,R_3oGfUQKbWyRSzHU,2023-03-03 08:58:41,Portugal,20-30,Other,Master,Daily,Weekly,194,1458,strongly disagree,neutral,agree,,,somewhat disagree,,,,,somewhat agree,,,,,strongly agree,
somewhat disagree,5fb7e16c5619403fe02935c4,R_e9wEl2vN3MOjHgJ,2023-03-03 08:58:41,Portugal,20-30,Female,Bachelor,Daily,Daily,161,152,somewhat disagree,somewhat agree,somewhat agree,,,,,,somewhat disagree,agree,,,,,,,agree
somewhat disagree,5f803bb7cab27202b3d9c7cf,R_1FtfmRTouO5z2kK,2023-03-03 08:58:41,Czech Republic,20-30,Male,High School and lower,Daily,Weekly,127,65,somewhat disagree,strongly agree,somewhat agree,,,,somewhat disagree,,,,,strongly agree,,,,,strongly agree
somewhat disagree,598d74208380cc00012a3a62,R_2tnEFSoSXDVFMHz,2023-03-03 08:58:42,UK,30-40,Female,Bachelor,Daily,Monthly,311,67,somewhat agree,somewhat agree,somewhat agree,,,,,agree,,agree,,,,,,agree,
somewhat disagree,6101014b5b51bf4beddd9caf,R_1GWIuRp79gzBODV,2023-03-03 08:58:44,"South Africa ",30-40,Female,Bachelor,Monthly,Never,11,0,neutral,strongly agree,somewhat agree,,,,,,neutral,,,,,,strongly agree,,agree
somewhat disagree,5f21a031b4127d0d141bf454,R_1CD4ervdp6LBrue,2023-03-03 08:58:45,Poland,20-30,Female,Master,Weekly,Weekly,174,210,disagree,disagree,somewhat agree,disagree,,,,,,,,,,somewhat agree,,agree,
somewhat disagree,5a5f7055f6c5170001954e1b,R_2aXCKGViXkFD6uC,2023-03-03 08:58:50,Italy,40-50,Female,High School and lower,Daily,Never,235,50,disagree,agree,neutral,disagree,,,,,,,,,agree,,,,somewhat agree
somewhat disagree,5e03d667783225eb127c4541,R_3neWZ5y03hVZfVY,2023-03-03 08:58:56,Portugal,20-30,Male,Bachelor,Daily,Never,26,1,somewhat disagree,agree,agree,,,somewhat disagree,,,,agree,,,,,,,agree
somewhat disagree,60de3d32aeb7f2a8b4bba07d,R_2asD8j625HwuVc4,2023-03-03 08:59:00,South Africa,30-40,Female,High School and lower,I don't use it,Never,0,0,disagree,agree,neutral,,,,neutral,,,,,,,,agree,neutral,
somewhat disagree,6078faf293b3e134b7c5a943,R_d11hvuLWGOBzA65,2023-03-03 08:59:00,Chile,20-30,Male,High School and lower,Daily,Never,26,0,disagree,agree,somewhat agree,disagree,,,,,,,,,,,somewhat agree,strongly agree,
somewhat disagree,60dae89a5f83408530051f5e,R_2yelkDymNNmGuHW,2023-03-03 08:59:00,Italy,20-30,Male,Master,Weekly,Monthly,300,40,disagree,somewhat agree,agree,,,,,somewhat disagree,,agree,,,,,,strongly agree,
somewhat disagree,5e0b1a07de8da635317f521f,R_RV6O2dbpbIqMplD,2023-03-03 08:59:02,spain,50-60,Male,High School and lower,Monthly,Monthly,5,5,strongly disagree,neutral,strongly disagree,,,,strongly disagree,,,,neutral,,,,,,disagree
somewhat disagree,60c8f3f37aff47f7a764fba3,R_2wh3XQ7LVLFVdGr,2023-03-03 08:59:05,Portugal,20-30,Female,Bachelor,Daily,Monthly,40,30,somewhat agree,agree,somewhat disagree,,,,somewhat agree,,,,,,,,somewhat agree,,somewhat agree
somewhat disagree,612058b64e8bd208d39fbe68,R_3qjOP5izz8zKgsP,2023-03-03 08:59:06,Hungary,20-30,Female,High School and lower,Yearly,Never,3,5,strongly disagree,somewhat agree,neutral,,,neutral,,,,,somewhat agree,,,,,,neutral
somewhat agree,5ca08267441b4700179b38d9,R_3lLZ3VGlZGLEoXv,2023-03-03 08:59:10,portugal,20-30,Other,High School and lower,Monthly,Never,20,10,somewhat agree,strongly agree,agree,,,,,,somewhat agree,,,strongly agree,,,,strongly agree,
somewhat disagree,613b76ff18cf7442ab95567c,R_7ZIFER9drZbocYV,2023-03-03 08:59:11,mexico,20-30,Female,Bachelor,Daily,Daily,489,641,somewhat disagree,strongly agree,somewhat agree,,somewhat disagree,,,,,,,,agree,,,,agree
somewhat disagree,60f556ba228c7c08807bb245,R_bjRxM1iKsHK4bgl,2023-03-03 08:59:15,South Africa,40-50,Female,Master,Daily,Monthly,340,123,disagree,somewhat agree,neutral,,,,,disagree,,,,,agree,,,,agree
somewhat disagree,610d8333b94ac97f8cddbee5,R_2uKRrIhKXnKvvSt,2023-03-03 08:59:15,South Africa,20-30,Male,Bachelor,Weekly,Never,500,10,somewhat disagree,strongly agree,somewhat agree,,,somewhat disagree,,,,,,,,,somewhat agree,somewhat agree,
somewhat disagree,5f581d2df4976338427484d9,R_2zApipFB94ZQOdM,2023-03-03 08:59:15,south africa,20-30,Female,Bachelor,Daily,Monthly,25,100,disagree,somewhat agree,agree,,,,somewhat disagree,,,somewhat agree,,,,,,strongly agree,
somewhat disagree,6159f254f81c163cda4c76a4,R_Y0sHVrutTVvd1sd,2023-03-03 08:59:20,South Africa,20-30,Female,Bachelor,Daily,Daily,400,1500,strongly disagree,somewhat disagree,neutral,strongly disagree,,,,,,,,somewhat disagree,,,,,somewhat agree
somewhat disagree,5ec19a1deceab45ca57a5246,R_1mk4F35m20BWi7o,2023-03-03 08:59:22,Poland,50-60,Female,Master,Weekly,Yearly,4,10,somewhat agree,agree,somewhat agree,,,,,somewhat agree,,,,agree,,,,agree,
somewhat disagree,5fd0c6df3988a218fdee3a13,R_zZ1zB8krFczZJy9,2023-03-03 08:59:25,Latvia,20-30,Female,Bachelor,I don't use it,Never,0,0,somewhat disagree,agree,neutral,,,,,,somewhat disagree,,,,,agree,,,strongly agree
somewhat disagree,6166e5fbbee637f840e32bbc,R_2c7uvAtDAyx6k7p,2023-03-03 08:59:30,South africa,20-30,Female,Bachelor,I don't use it,Never,0,0,disagree,somewhat agree,neutral,,,agree,,,,agree,,,,,,,somewhat agree
somewhat disagree,5fc86c1b2df6ff1ff7a51ea5,R_1K1GDthoCNxxnrv,2023-03-03 08:59:34,Mexico,30-40,Male,Master,Daily,Weekly,54,45,somewhat disagree,somewhat agree,somewhat disagree,,,,,somewhat disagree,,,,,,,somewhat agree,agree,
somewhat disagree,5f9eea7b0517c64cdfdd4f8a,R_2Y9CsnN9EkwG1GG,2023-03-03 08:59:35,France,20-30,Male,Master,I don't use it,Never,0,0,somewhat disagree,somewhat agree,neutral,,neutral,,,,,,,,,somewhat agree,,,agree
somewhat disagree,61605e62983592f4112241a6,R_3dWb1bZwmNpySti,2023-03-03 08:59:37,South Africa,30-40,Female,Bachelor,Daily,Monthly,574,121,strongly disagree,neutral,neutral,,,,,disagree,,,,,,,somewhat agree,,agree
somewhat disagree,60e94a95eed542e75d045ca6,R_25XYhaWinRHeVxq,2023-03-03 08:59:39,South Africa,30-40,Female,Bachelor,Monthly,Never,20,10,neutral,strongly agree,somewhat agree,,,,,neutral,,,,,,agree,,agree,
somewhat disagree,5fec02b28ac182cfbe734116,R_39nMS4LfxVfG8O5,2023-03-03 08:59:39,Poland,20-30,Male,High School and lower,Weekly,Yearly,10,0,somewhat agree,neutral,somewhat agree,,,,somewhat agree,,,,somewhat agree,,,,,,neutral
somewhat disagree,5eef2ef1485fb3000809324c,R_AASAu6ltdND4hSV,2023-03-03 08:59:41,Greece,20-30,Male,Bachelor,Monthly,Never,45,12,disagree,somewhat agree,neutral,,,disagree,,,,,somewhat agree,,,,,,agree
somewhat disagree,615094c9a1ba0233a8c3ccc4,R_1pYb89m6MNZvd2C,2023-03-03 08:59:45,Italy,20-30,Female,Bachelor,Weekly,Yearly,20,322,neutral,neutral,neutral,,,,,,neutral,,,somewhat agree,,,,neutral,
somewhat disagree,61127832932c167c5ec1e0be,R_SUkuVNQ0DdC8T1D,2023-03-03 08:59:47,"South Africa ",20-30,Female,Bachelor,Daily,Yearly,540,500,strongly disagree,agree,agree,,,agree,,,,,,,,agree,,agree,
somewhat disagree,60571cc4ed2b0367b3e273b8,R_2c7USptFzOmTVFs,2023-03-03 08:59:49,Hungary,20-30,Female,Bachelor,Monthly,Never,254,156,somewhat disagree,somewhat agree,neutral,somewhat disagree,,,,,,,,,,agree,,agree,
somewhat disagree,611ac16be69be953e98285e9,R_A53cMBZSQ9cO99v,2023-03-03 08:59:51,South Africa,20-30,Female,Bachelor,Weekly,Never,0,0,agree,strongly agree,somewhat agree,,,somewhat agree,,,,,,,,agree,,agree,
somewhat disagree,612bfd916d56dd67104c0a69,R_12M5JNz0dj4JNdd,2023-03-03 08:59:53,South Africa,30-40,Female,Bachelor,Weekly,Weekly,3000,2400,somewhat disagree,agree,neutral,neutral,,,,,,,strongly agree,,,,,,neutral
somewhat disagree,613aa9713d97713f82d7ec6f,R_1156EvMy6AWnUUB,2023-03-03 08:59:56,Australia,20-30,Female,Bachelor,Daily,Daily,190,215,somewhat agree,agree,neutral,,,,neutral,,,agree,,,,,,,somewhat agree
somewhat disagree,615e1df808c3eb8f0202a581,R_3HiXdp89X31qKDr,2023-03-03 08:59:57,Greece,40-50,Male,Bachelor,Daily,Weekly,140,110,neutral,agree,agree,,,,somewhat agree,,,,,,,agree,,,strongly agree
somewhat disagree,5d8a62e934146e001a8ea16d,R_2BgkXE5MQ6SHOTr,2023-03-03 09:00:00,Greece,40-50,Male,High School and lower,I don't use it,Never,0,0,somewhat disagree,strongly agree,somewhat agree,,,somewhat disagree,,,,,strongly agree,,,,,somewhat agree,
somewhat disagree,6151c8bfc7a23102a2986c39,R_25uRGj9teMaZxyu,2023-03-03 09:00:12,Italy,20-30,Male,Bachelor,Yearly,Never,30,2,somewhat disagree,somewhat disagree,somewhat agree,,,,somewhat disagree,,,,somewhat disagree,,,,,strongly agree,
somewhat disagree,61108a6b695212b842e7cfb1,R_3ivV8noNV7FFq6e,2023-03-03 09:00:14,Mexico,20-30,Other,High School and lower,Daily,Yearly,119,16,neutral,agree,somewhat agree,somewhat agree,,,,,,,strongly agree,,,,,,somewhat agree
somewhat disagree,60c8af958ebef761dbb97160,R_PHDeCJYmPjtfezn,2023-03-03 09:00:16,Italy,20-30,Male,High School and lower,Monthly,Never,0,0,disagree,somewhat agree,somewhat agree,,,,,,somewhat disagree,,somewhat agree,,,,,agree,
somewhat disagree,5ed0b2cfcdc428000987621e,R_279cVPt0hXresV7,2023-03-03 09:00:16,Belgium,30-40,Male,High School and lower,Weekly,Yearly,634,3444,somewhat disagree,agree,neutral,,,,,,somewhat disagree,,,,,agree,,,somewhat agree
somewhat disagree,5eeddc9a4c5f9a2187efb1d7,R_1oG8GeQiRQk37Ya,2023-03-03 09:00:18,Poland,20-30,Male,Bachelor,Weekly,Never,12,5,somewhat disagree,disagree,neutral,,,,,,somewhat disagree,disagree,,,,,,,neutral
somewhat disagree,5f20572705b3e931faf561d5,R_1FwXw3KeM8Smy6R,2023-03-03 09:00:37,UK,Over 60,Male,Bachelor,I don't use it,Never,0,0,disagree,somewhat agree,agree,,,agree,,,,agree,,,,,,,agree
somewhat disagree,61618a4c307226e9aa6d4070,R_XCip9B862yo5MFX,2023-03-03 09:00:40,South Africa,20-30,Female,Bachelor,Daily,Weekly,245,672,neutral,agree,somewhat agree,,,,,,neutral,,,,,agree,,agree,
somewhat disagree,5efa9ca98dd7fe8eefe7b16f,R_11dYZQgBkFhcy3j,2023-03-03 09:00:50,Canada,20-30,Male,Bachelor,Daily,Monthly,200,25,somewhat agree,strongly agree,somewhat agree,,,,,somewhat agree,,strongly agree,,,,,,somewhat agree,
somewhat disagree,6140be2fdc5e6f433f412f7a,R_2S8iK4BVIAoZxlX,2023-03-03 09:00:55,México,50-60,Female,Master,I don't use it,Never,0,0,neutral,somewhat agree,neutral,,somewhat agree,,,,,,,,somewhat agree,,,,agree
somewhat disagree,611d2c40536633fc4bb32755,R_XKRByztZzVOunbH,2023-03-03 09:01:01,South Africa,20-30,Female,High School and lower,Yearly,Never,50,12,disagree,disagree,neutral,,,somewhat disagree,,,,,,,somewhat disagree,,,somewhat agree,
somewhat disagree,6117c03443665d291c5d6bc3,R_3EEFr3RGK7HDUVz,2023-03-03 09:01:06,South Africa,20-30,Female,Bachelor,I don't use it,Never,0,0,strongly disagree,neutral,somewhat agree,,strongly disagree,,,,,,,,,neutral,,neutral,
somewhat disagree,60c770d5d536d798d92c6ee9,R_12zf4xu1TCDcwYf,2023-03-03 09:01:17,Portugal,40-50,Male,PhD and higher,Monthly,Never,12,8,neutral,agree,somewhat agree,,,,,neutral,,,,,,,agree,agree,
somewhat disagree,5dc48be43f045534ce450216,R_OHgl2xiVAlU961j,2023-03-03 09:01:26,Spain,20-30,Female,High School and lower,Daily,Yearly,149,35,agree,somewhat agree,neutral,agree,,,,,,,somewhat agree,,,,,,neutral
somewhat disagree,5ecf1fb0eed497344398139d,R_1gOyYJilhgNUDJS,2023-03-03 09:01:37,Canada,50-60,Male,Master,I don't use it,Never,0,0,somewhat agree,agree,neutral,,,,,somewhat agree,,,,,agree,,,somewhat agree,
somewhat disagree,5fe24a84d42dc5d922c4fc90,R_bvdwyG5Yl4yustr,2023-03-03 09:01:40,Portugal,20-30,Female,Bachelor,Weekly,Yearly,117,66,somewhat disagree,agree,neutral,,somewhat disagree,,,,,,,,strongly agree,,,neutral,
somewhat disagree,613f90102d1544ce1403ea89,R_2CxMwj5Zp8TRfoQ,2023-03-03 09:01:53,México,40-50,Male,Master,Daily,Yearly,3737,169,neutral,somewhat agree,neutral,,,neutral,,,,,,,somewhat agree,,,neutral,
somewhat agree,615ff08fc69c5d89a0d22cfd,R_1hJPjKs6rcnM56V,2023-03-03 09:01:57,South Africa,30-40,Male,High School and lower,Daily,Weekly,300,400,strongly disagree,somewhat agree,neutral,disagree,,,,,,,,,,somewhat agree,,somewhat disagree,
somewhat disagree,608331d99efc6b2e3100635d,R_3PN2Yc99EjUNheo,2023-03-03 09:02:15,Portugal,20-30,Female,High School and lower,Daily,Daily,1393,1110,disagree,somewhat agree,agree,,,disagree,,,,,,,agree,,,,strongly agree
somewhat disagree,60d3acd071e98de7a42743ac,R_3MQDKmvdHyXb7RY,2023-03-03 09:02:43,Hungary,20-30,Female,High School and lower,Weekly,Monthly,24,3,disagree,strongly agree,somewhat agree,,disagree,,,,,strongly agree,,,,,,somewhat agree,
somewhat disagree,613a67ac426d8519ba550315,R_3ijMUnp4Mb3kKZi,2023-03-03 09:03:19,Mexico City,20-30,Female,Master,Daily,Weekly,605,1010,neutral,somewhat agree,somewhat agree,,,,disagree,,,,,,somewhat agree,,,somewhat agree,
somewhat disagree,611ac16be69be953e98285e9,R_4HN1kFW6ICMDe9j,2023-03-03 09:03:38,South Africa,20-30,Female,Bachelor,Weekly,Monthly,20,8,disagree,strongly agree,agree,somewhat agree,,,,,,,,strongly agree,,,,,agree
somewhat disagree,5e27350b928d3e94def42ff7,R_bqQyoKJEft2zSal,2023-03-03 09:04:21,spain,20-30,Male,High School and lower,Daily,Daily,816,122,somewhat disagree,agree,somewhat agree,,,,,,somewhat disagree,,,,,agree,,strongly agree,
somewhat disagree,613a6acaa0d3d3c54b091e92,R_1EXPrgd4jfZBxSr,2023-03-03 09:04:29,Mexico,20-30,Female,Bachelor,Daily,Daily,120,226,somewhat disagree,somewhat agree,agree,neutral,,,,,,,,,somewhat agree,,,agree,
somewhat disagree,6032b41809e86b2d25e6abf5,R_2wh770N45pTrWDh,2023-03-03 09:04:56,Portugal,30-40,Female,Master,Monthly,Never,25,2,neutral,agree,neutral,,neutral,,,,,,,,,agree,,neutral,
somewhat disagree,5fa868c7f98e2a6e8fd9db34,R_06xt7V07a54D0Wd,2023-03-03 09:05:28,Poland,20-30,Male,Master,I don't use it,Never,0,0,somewhat disagree,neutral,neutral,,,,agree,,,,,,,,somewhat agree,agree,
somewhat disagree,60ecb09e5a3860ba0c81fdd8,R_1Gyt3P75a0xR2aC,2023-03-03 09:09:18,south africa,20-30,Male,Bachelor,Weekly,Weekly,200,500,strongly disagree,somewhat agree,neutral,,,,strongly disagree,,,,strongly agree,,,,,agree,
somewhat disagree,5f88ab7d1230640823abf08b,R_2PsPB9xbUT87mRK,2023-03-03 09:09:24,Poland,20-30,Male,Master,Weekly,Yearly,2,3,disagree,agree,neutral,,agree,,,,,,,,,agree,,,agree
somewhat disagree,6142102f6c590438c4704e3f,R_1BVfglr4kIn1LPB,2023-03-03 09:09:33,Mexico,20-30,Male,Bachelor,Daily,Monthly,280,392,disagree,agree,agree,,somewhat disagree,,,,,,,agree,,,,agree,
somewhat disagree,5fa4725a186c050edc3bcc20,R_3PzpLKRVbN4DYWU,2023-03-03 09:09:57,Poland,Below 20,Male,High School and lower,Monthly,Never,245,17,neutral,strongly agree,agree,,,neutral,,,,,,,,strongly disagree,,,strongly agree
somewhat disagree,5fcc576f70ce74033ee4675b,R_1BPJL15pbCWESTF,2023-03-03 09:10:45,México,40-50,Male,Bachelor,Yearly,Never,0,0,disagree,agree,somewhat agree,,,disagree,,,,,strongly agree,,,,,strongly agree,
somewhat disagree,611cef6b0e73687d38f1f88c,R_26l7lXyRzGCFnEU,2023-03-03 09:10:54,SOUTH AFRICA,30-40,Female,Bachelor,Daily,Weekly,500,800,disagree,strongly agree,neutral,,,,,disagree,,,,,strongly agree,,,,neutral
somewhat disagree,6128ca3e34637121604b8d48,R_r6iytk0rLGEnIVX,2023-03-03 09:12:50,"South Africa ",20-30,Female,Bachelor,Daily,Weekly,499,495,neutral,strongly agree,strongly agree,,,,,neutral,,,,,,,strongly agree,,strongly agree
somewhat disagree,5e5d66f2101bf703d65326bc,R_1dggSP5DfCoNPsv,2023-03-03 09:19:07,Hungary,20-30,Male,Bachelor,Monthly,Never,14,0,disagree,agree,agree,,neutral,,,,,,,,,agree,,agree,
somewhat disagree,5fa061eeb1f28d08b4e40501,R_6iohjIQw2xp6rm1,2023-03-03 09:23:22,Poland,20-30,Male,High School and lower,Daily,Never,129,67,somewhat disagree,strongly disagree,somewhat agree,,neutral,,,,,,,,strongly disagree,,,somewhat agree,
somewhat disagree,616f22b8e54926da850c38c9,R_1QEiTZj1BbNdOEL,2023-03-03 09:26:48,Mexico,30-40,Female,Bachelor,Daily,Monthly,705,59,strongly disagree,somewhat disagree,somewhat agree,,,,,,disagree,,,,,,somewhat disagree,somewhat agree,
somewhat disagree,5efee81b682c4c40e8cd36eb,R_3PFcqtE7iAHTKeY,2023-03-03 09:32:00,Estonia,30-40,Female,Bachelor,Weekly,Weekly,15,5,agree,agree,neutral,,,,agree,,,,,,,,agree,somewhat agree,
somewhat disagree,63ced4ebc2eff3a3a7c35b1e,R_26b54Xqfh4A6AeV,2023-03-03 09:33:51,"England ",30-40,Male,High School and lower,I don't use it,Never,0,0,neutral,agree,neutral,somewhat agree,,,,,,agree,,,,,,,somewhat agree
somewhat disagree,613a972033d79df11a6570de,R_2eVZSXLdEH7tZFc,2023-03-03 09:35:10,Mexico,30-40,Female,PhD and higher,Daily,Monthly,1223,179,strongly disagree,somewhat disagree,neutral,disagree,,,,,,somewhat disagree,,,,,,somewhat agree,
somewhat disagree,5d16b7b07b0154001a282fcc,R_2tVBls9vt2qf53b,2023-03-06 07:59:33,Portugal,20-30,Male,Master,Daily,Weekly,2192,325,somewhat disagree,agree,neutral,,,,somewhat agree,,,,,,,somewhat agree,,agree,
somewhat disagree,5fa9a4789785cb1d1735dba4,R_3RkZ4dfs5kKxxUI,2023-03-06 07:59:38,UK,30-40,Female,Bachelor,I don't use it,Never,0,0,disagree,somewhat agree,somewhat agree,,,,,agree,,,,,,somewhat agree,,,agree
somewhat disagree,5de4280370c53a011839950f,R_12Rqq9PJee5RekH,2023-03-06 08:01:20,Italy,20-30,Female,High School and lower,I don't use it,Never,28,2,neutral,somewhat agree,somewhat disagree,neutral,,,,,,,,somewhat agree,,,,,somewhat disagree
somewhat disagree,60dc9f57188686372d7890c7,R_2QfC6SQ9nNoPQRX,2023-03-06 08:01:35,Portugal,20-30,Male,High School and lower,Daily,Monthly,405,600,strongly disagree,neutral,neutral,,strongly disagree,,,,,,,,,,somewhat agree,,agree
somewhat disagree,5d0d0446da74930017b3a8b9,R_byI1VaK0Kc2FaqR,2023-03-06 08:02:20,israel,Below 20,Male,High School and lower,Weekly,Never,5,1,disagree,somewhat agree,somewhat agree,,,,,disagree,,,,agree,,,,somewhat disagree,
